Skills,Career_Role,Roadmap
"Python, Machine Learning, Data Analysis, SQL","Data Scientist","1. Master Python & SQL | 2. Learn Pandas, NumPy | 3. Study ML Algorithms | 4. Build Portfolio Projects | 5. Apply for Junior Data Scientist roles"
"HTML, CSS, JavaScript, React, Node.js","Full Stack Developer","1. Master Frontend Basics (HTML/CSS/JS) | 2. Learn React | 3. Master Node.js & Databases | 4. Build Full Stack Apps | 5. Apply for Developer roles"
"Java, Spring Boot, SQL, Microservices","Backend Developer","1. Master Java | 2. Learn Spring Boot | 3. Study Database Design | 4. Learn Microservices | 5. Apply for Backend roles"
"Python, Flask, Django, SQL, REST API","Backend Developer","1. Master Python | 2. Learn Flask/Django | 3. Study Database Design | 4. Build REST APIs | 5. Apply for Backend roles"
"HTML, CSS, JavaScript, Vue, Tailwind","Frontend Developer","1. Master HTML/CSS/JS | 2. Learn advanced CSS frameworks | 3. Master Vue.js | 4. Build UI components | 5. Apply for Frontend roles"
"Python, TensorFlow, Deep Learning, NLP","AI Engineer","1. Master Python & ML basics | 2. Learn TensorFlow/PyTorch | 3. Study Deep Learning | 4. Specialize in NLP/Computer Vision | 5. Apply for AI roles"
"AWS, Docker, Kubernetes, Linux, CI/CD","DevOps Engineer","1. Master Linux & Scripting | 2. Learn AWS basics | 3. Master Docker & Kubernetes | 4. Learn Jenkins/GitLab CI | 5. Apply for DevOps roles"
"Figma, UI/UX, Adobe XD, Wireframing","UI/UX Designer","1. Learn Design Principles | 2. Master Figma & Adobe XD | 3. Study User Research | 4. Build Design Portfolio | 5. Apply for Designer roles"
"SQL, Excel, Tableau, Power BI","Data Analyst","1. Master Excel | 2. Learn SQL | 3. Master Tableau/Power BI | 4. Do Case Studies | 5. Apply for Analyst roles"
"C++, C#, Unity, Unreal Engine","Game Developer","1. Master C# or C++ | 2. Learn Unity or Unreal | 3. Build 2D/3D Games | 4. Build Game Portfolio | 5. Apply for Game Dev roles"
"Python, Cybersecurity, Networking, Ethical Hacking","Security Analyst","1. Master Networking | 2. Learn Linux & Security concepts | 3. Practice Ethical Hacking | 4. Get Certifications (CompTIA Security+) | 5. Apply for Security roles"
